city_name,city_country,name,type,cost,duration_mins,description,image_url
Paris,France,Eiffel Tower Summit Access,sightseeing,35,120,Skip-the-line elevator ride to the top of the Eiffel Tower with panoramic city views,
Paris,France,Louvre Museum Guided Tour,culture,55,180,Small-group tour through the Louvre's most famous galleries including the Mona Lisa,
Paris,France,Seine River Dinner Cruise,food,95,150,Evening cruise along the Seine with a three-course French dinner,
Paris,France,Montmartre Food Walking Tour,food,65,150,Guided tasting walk through Montmartre's bakeries cheese shops and wine bars,
Tokyo,Japan,Shibuya and Harajuku Walking Tour,sightseeing,25,180,Explore Tokyo's most iconic youth culture and fashion districts,
Tokyo,Japan,Tsukiji Outer Market Food Tour,food,60,120,Sample fresh sushi tamagoyaki and street food at Tokyo's famous fish market,
Tokyo,Japan,teamLab Planets Digital Art Museum,culture,32,90,Immersive interactive digital art installations,
Tokyo,Japan,Robot Cabaret Night Show,nightlife,70,90,High-energy robot and light show with dinner in Shinjuku,
New York,United States,Statue of Liberty and Ellis Island Tour,sightseeing,45,240,Ferry tour to Liberty Island and Ellis Island immigration museum,
New York,United States,Broadway Show Ticket,culture,120,150,Evening ticket to a top-rated Broadway musical,
New York,United States,Brooklyn Pizza Walking Tour,food,55,150,Guided tasting tour of Brooklyn's best pizza spots,
New York,United States,Central Park Bike Rental,adventure,20,120,Self-guided bike tour through Central Park,
Rome,Italy,Colosseum and Roman Forum Tour,sightseeing,50,180,Skip-the-line guided tour of ancient Rome's most iconic ruins,
Rome,Italy,Vatican Museums and Sistine Chapel,culture,60,210,Guided tour through the Vatican Museums ending at the Sistine Chapel,
Rome,Italy,Trastevere Food and Wine Tour,food,70,180,Evening food crawl through Rome's charming Trastevere neighborhood,
Rome,Italy,Roman Pasta Making Class,other,80,180,Hands-on pasta-making class with a local chef,
Barcelona,Spain,Sagrada Familia Guided Tour,sightseeing,40,90,Skip-the-line entry and guided tour of Gaudi's unfinished masterpiece,
Barcelona,Spain,Park Guell Entry Ticket,sightseeing,15,90,Explore Gaudi's whimsical mosaic park overlooking the city,
Barcelona,Spain,Tapas and Flamenco Night,nightlife,75,150,Traditional tapas dinner followed by a live flamenco performance,
Barcelona,Spain,La Boqueria Market Food Tour,food,50,120,Guided tasting tour through Barcelona's most famous food market,
London,United Kingdom,Tower of London and Crown Jewels,sightseeing,38,150,Explore the historic fortress and view the Crown Jewels,
London,United Kingdom,West End Theatre Show,culture,110,150,Evening ticket to a top West End production,
London,United Kingdom,Borough Market Food Tour,food,55,120,Guided tasting walk through London's oldest food market,
London,United Kingdom,Thames River Evening Cruise,sightseeing,45,90,Sunset cruise along the Thames past major landmarks,
Bangkok,Thailand,Grand Palace and Wat Phra Kaew,sightseeing,20,150,Guided tour of Bangkok's most sacred and ornate temple complex,
Bangkok,Thailand,Chatuchak Weekend Market Tour,other,15,180,Explore one of the world's largest weekend markets,
Bangkok,Thailand,Thai Street Food Night Tour,food,35,150,Guided tuk-tuk food tour through Bangkok's best street food stalls,
Bangkok,Thailand,Muay Thai Boxing Match,nightlife,40,150,Evening ticket to a live Muay Thai boxing match,
Dubai,United Arab Emirates,Burj Khalifa At The Top Access,sightseeing,45,90,Observation deck access on the world's tallest building,
Dubai,United Arab Emirates,Desert Safari with BBQ Dinner,adventure,85,300,Dune bashing camel riding and a Bedouin-style dinner under the stars,
Dubai,United Arab Emirates,Dubai Fountain Show Viewing,other,0,120,Free evening fountain show at the base of the Burj Khalifa,
Dubai,United Arab Emirates,Dhow Cruise Dinner,food,65,150,Traditional wooden boat dinner cruise along Dubai Creek,
Singapore,Singapore,Gardens by the Bay Domes,sightseeing,28,120,Explore the Cloud Forest and Flower Dome conservatories,
Singapore,Singapore,Hawker Centre Food Tour,food,45,150,Guided tasting tour through Singapore's best hawker stalls,
Singapore,Singapore,Marina Bay Sands SkyPark,sightseeing,23,60,Observation deck views over the Marina Bay skyline,
Singapore,Singapore,Night Safari at Singapore Zoo,adventure,40,150,Guided tram tour through a nocturnal wildlife park,
Sydney,Australia,Sydney Opera House Guided Tour,culture,35,60,Behind-the-scenes tour of the iconic performing arts venue,
Sydney,Australia,Bondi to Coogee Coastal Walk,sightseeing,0,150,Scenic self-guided walk along Sydney's eastern beaches,
Sydney,Australia,Sydney Harbour Bridge Climb,adventure,250,210,Guided climb to the summit of the Harbour Bridge,
Sydney,Australia,Darling Harbour Seafood Dinner,food,60,120,Waterfront seafood dinner with harbour views,
Cape Town,South Africa,Table Mountain Cable Car,sightseeing,30,120,Cable car ride to the summit of Table Mountain,
Cape Town,South Africa,Robben Island Museum Tour,culture,35,210,Ferry tour to the former prison island including Nelson Mandela's cell,
Cape Town,South Africa,Cape Peninsula Safari Drive,adventure,90,360,Full-day scenic drive to Cape Point and penguin colonies,
Cape Town,South Africa,Winelands Tasting Tour,food,70,240,Guided wine tasting tour through Stellenbosch and Franschhoek,
Rio de Janeiro,Brazil,Christ the Redeemer and Corcovado,sightseeing,40,120,Train ride up Corcovado Mountain to the iconic statue,
Rio de Janeiro,Brazil,Sugarloaf Mountain Cable Car,sightseeing,35,90,Two-stage cable car ride with panoramic views of Rio,
Rio de Janeiro,Brazil,Samba Show and Dinner,nightlife,65,150,Live samba performance with a traditional Brazilian dinner,
Rio de Janeiro,Brazil,Copacabana Beach Surf Lesson,adventure,45,90,Beginner surf lesson on Copacabana Beach,
Amsterdam,Netherlands,Anne Frank House Tour,culture,16,90,Guided visit to the historic hiding place and museum,
Amsterdam,Netherlands,Canal Cruise with Cheese and Wine,sightseeing,30,90,Evening canal cruise with local cheese and wine tasting,
Amsterdam,Netherlands,Van Gogh Museum Entry,culture,22,120,Self-guided visit to the world's largest Van Gogh collection,
Amsterdam,Netherlands,Bike Tour of Amsterdam,adventure,35,150,Guided bike tour through the city's canals and parks,
Istanbul,Turkey,Hagia Sophia and Blue Mosque Tour,sightseeing,30,150,Guided tour of two of Istanbul's most iconic landmarks,
Istanbul,Turkey,Grand Bazaar Shopping Walk,other,0,120,Self-guided exploration of one of the world's oldest covered markets,
Istanbul,Turkey,Bosphorus Sunset Cruise,sightseeing,25,90,Evening cruise along the Bosphorus strait,
Istanbul,Turkey,Turkish Cooking Class,food,55,150,Hands-on class making traditional Turkish dishes,
Denpasar,Indonesia,Ubud Rice Terrace and Temple Tour,sightseeing,30,240,Full-day tour of Tegallalang rice terraces and Hindu temples,
Denpasar,Indonesia,Balinese Cooking Class,food,40,180,Hands-on class making traditional Balinese dishes from a local market,
Denpasar,Indonesia,Mount Batur Sunrise Trek,adventure,55,300,Guided pre-dawn hike to watch sunrise from an active volcano,
Denpasar,Indonesia,Traditional Balinese Spa,other,35,90,Full-body massage and flower bath at a traditional spa,
Kyoto,Japan,Fushimi Inari Shrine Walk,sightseeing,0,120,Self-guided hike through thousands of iconic red torii gates,
Kyoto,Japan,Arashiyama Bamboo Grove Tour,sightseeing,20,90,Guided walk through Kyoto's famous bamboo forest,
Kyoto,Japan,Traditional Tea Ceremony,culture,45,60,Hands-on introduction to Japanese tea ceremony traditions,
Kyoto,Japan,Gion District Evening Walk,culture,40,120,Evening guided walk through Kyoto's historic geisha district,
Prague,Czech Republic,Prague Castle Guided Tour,sightseeing,25,150,Guided tour of the largest ancient castle complex in the world,
Prague,Czech Republic,Charles Bridge Walking Tour,sightseeing,0,90,Self-guided walk across Prague's iconic medieval bridge,
Prague,Czech Republic,Czech Beer Tasting Tour,food,35,120,Guided tasting tour through Prague's traditional beer halls,
Prague,Czech Republic,Old Town Astronomical Clock Tour,culture,15,60,Guided tour explaining the history of Prague's medieval clock,
Marrakech,Morocco,Jemaa el-Fnaa Night Market Tour,other,20,120,Guided evening walk through Marrakech's famous main square,
Marrakech,Morocco,Atlas Mountains Day Trip,adventure,50,360,Full-day excursion to Berber villages in the Atlas Mountains,
Marrakech,Morocco,Moroccan Cooking Class,food,40,180,Hands-on class making tagine and couscous with a local chef,
Marrakech,Morocco,Traditional Hammam Spa,other,30,90,Traditional Moroccan bathhouse experience with scrub and massage,
Reykjavik,Iceland,Golden Circle Day Tour,sightseeing,75,480,Full-day tour of Thingvellir geysers and Gullfoss waterfall,
Reykjavik,Iceland,Blue Lagoon Spa Entry,other,65,150,Entry to Iceland's famous geothermal spa,
Reykjavik,Iceland,Northern Lights Hunting Tour,adventure,70,240,Guided evening tour to spot the aurora borealis,
Reykjavik,Iceland,Reykjavik Whale Watching,adventure,85,180,Boat tour to spot whales and dolphins off Iceland's coast,
Vancouver,Canada,Capilano Suspension Bridge Park,sightseeing,45,150,Walk across a suspension bridge high above a rainforest canyon,
Vancouver,Canada,Stanley Park Bike Tour,adventure,30,120,Guided bike tour around Vancouver's famous seawall park,
Vancouver,Canada,Granville Island Food Tour,food,50,120,Guided tasting tour through Granville Island's public market,
Vancouver,Canada,Grouse Mountain Gondola,sightseeing,55,150,Gondola ride up Grouse Mountain with city and mountain views,
Buenos Aires,Argentina,Tango Show and Dinner,nightlife,70,180,Live tango performance with a traditional Argentine dinner,
Buenos Aires,Argentina,La Boca and Caminito Walking Tour,sightseeing,20,120,Guided walk through Buenos Aires' colorful historic port district,
Buenos Aires,Argentina,Argentine Steakhouse Dinner,food,55,120,Traditional parrilla dinner featuring grass-fed Argentine beef,
Buenos Aires,Argentina,Recoleta Cemetery Guided Tour,culture,15,90,Guided tour through the elaborate mausoleums of Recoleta Cemetery,
Cairo,Egypt,Great Pyramids of Giza Tour,sightseeing,40,240,Guided tour of the Pyramids of Giza and the Great Sphinx,
Cairo,Egypt,Egyptian Museum Guided Tour,culture,30,150,Guided tour through ancient Egyptian artifacts including Tutankhamun's treasures,
Cairo,Egypt,Nile River Dinner Cruise,food,50,150,Evening cruise on the Nile with dinner and a folkloric show,
Cairo,Egypt,Khan el-Khalili Bazaar Walk,other,0,120,Self-guided exploration of Cairo's historic marketplace,
Seoul,South Korea,Gyeongbokgung Palace Tour,sightseeing,15,120,Guided tour of Seoul's grandest royal palace,
Seoul,South Korea,Myeongdong Street Food Tour,food,35,120,Guided tasting walk through Seoul's famous street food district,
Seoul,South Korea,Korean BBQ and Soju Night,food,45,120,Traditional Korean barbecue dinner with soju tasting,
Seoul,South Korea,DMZ Border Tour,culture,80,360,Guided day tour to the Korean Demilitarized Zone,
Lisbon,Portugal,Belem Tower and Monastery Tour,sightseeing,20,150,Guided tour of Lisbon's iconic riverside landmarks,
Lisbon,Portugal,Tram 28 Historic Ride,sightseeing,3,60,Ride the historic yellow tram through Lisbon's old neighborhoods,
Lisbon,Portugal,Fado Music Dinner Show,culture,55,120,Traditional Portuguese Fado music performance with dinner,
Lisbon,Portugal,Sintra Day Trip,sightseeing,50,300,Full-day excursion to the fairy-tale palaces of Sintra,
Santorini,Greece,Oia Sunset Sailing Cruise,sightseeing,90,300,Catamaran cruise along the caldera ending with sunset in Oia,
Santorini,Greece,Akrotiri Archaeological Site Tour,culture,25,90,Guided tour of a preserved Bronze Age settlement,
Santorini,Greece,Santorini Wine Tasting Tour,food,60,180,Guided tour of volcanic vineyards with wine tasting,
Santorini,Greece,Red Beach and Fira Walking Tour,sightseeing,0,120,Self-guided walk along Santorini's volcanic red sand beach,